labels,data
idle,0.4238212571545938
Label,1.1511511511511703
Liquid,1.8368368368368444
Monitor,0.811923034145245
